Comment,Designator,Footprint,LCSC,Quantity
100n,C10,C_0603_1608Metric,C14663,1
100u,C1,C_Elec_5x5.4,C3347,1
10K,R3,R_0603_1608Metric,C25804,1
10n,C6,C_0603_1608Metric,C57112,1
10u,C5,C_0603_1608Metric,C19702,1
65,R2,R_0603_1608Metric,C27592,1
ATtiny816-M,U4,VQFN-20-1EP_3x3mm_P0.4mm_EP1.7x1.7mm,C2052778,1
Home,J1,PinSocket_1x02_P2.54mm_Vertical,C7499322,1
LED,D1,LED_0603_1608Metric,C2286,1
Prog & Debug,J5,PinHeader_1x04_P2.54mm_Vertical,C124378,1
SP3485CN,U2,SOIC-8_3.9x4.9mm_P1.27mm,C2846826,1
SPX3819M5-L-3-3,U5,SOT-23-5,C20538874,1
Stepper,J3,JST_XH_B5B-XH-A_1x05_P2.50mm_Vertical,C157991,1
ULN2003A,U1,SOIC-16_3.9x9.9mm_P1.27mm,C7512,1
